Model,Giá tiêu chuẩn,ID,Phong Vũ,Nguyễn Kim,Điện máy xanh,FPT Shop,Pico,Mediamart,HC,Phúc Anh,CPN,An Phát,Hà Nội Computer
HL-L2321D,2900000,1,https://phongvu.vn/may-in-brother-hl-l2321d-in-2-m-t-t-d-ng-s1404531.html,https://www.nguyenkim.com/may-in-laser-brother-hl-l2321d.html,https://www.dienmayxanh.com/may-in/may-in-laser-brother-hl-l2321d,https://fptshop.com.vn/may-in/may-in-brother-laser-hl-l2321d,https://pico.vn/tim-kiem?q=HL-L2321D,https://mediamart.vn/may-in/may-in-brother-hl-l2321d-induplex,https://hc.com.vn/ords/p--may-in-laser-brother-hl-l2321d-in-duplex,https://www.phucanh.vn/may-in-laser-den-trang-brother-hl-l2321d.html,https://cpn.vn/products/may-in-laser-brother-hl-l2321d.html,https://www.anphatpc.com.vn/may-in-laser-brother-hl-l2321d-duplex_id17113.html,https://hacom.vn/brother-hl-l2321d-in-laser
HL-L2361DN,4290000,2,https://phongvu.vn/may-in-brother-hl-l2361dn--s1403955,https://www.nguyenkim.com/tim-kiem.html?q=HL-L2361DN,https://www.dienmayxanh.com/tim-kiem?key=HL-L2361DN,https://fptshop.com.vn/may-in/may-in-laser-trang-den-don-nang-brother-hl-l2361dn,https://pico.vn/tim-kiem?q=HL-L2361DN,https://mediamart.vn/tim-kiem?q=HL-L2361DN,https://hc.com.vn/ords/s?q=HL-L2361DN,https://www.phucanh.vn/tim-kiem?q=HL-L2361DN,https://cpn.vn/catalogsearch/result/?q=HL-L2361DN,https://www.anphatpc.com.vn/may-in-laser-brother-hl-l2361dn_id17837.html,https://hacom.vn/tim?q=HL-L2361DN
HL-L2366DW,4390000,3,https://phongvu.vn/may-in-brother-hl-l2366dw--s1403956,https://www.nguyenkim.com/may-in-laser-brother-hl-l2366dw.html,https://www.dienmayxanh.com/may-in/may-in-laser-brother-hl-l2366dw,https://fptshop.com.vn/may-in/may-in-laser-trang-den-brother-hl-l2366dw,https://pico.vn/tim-kiem?q=HL-L2366DW,https://mediamart.vn/may-in/may-in-laser-brother-hl-l2366dw-induplexlanwifi,https://hc.com.vn/ords/s?q=HL-L2366DW,https://www.phucanh.vn/may-in-laser-den-trang-brother-hl-l2366dw.html,https://cpn.vn/catalogsearch/result/?q=HL-L2366DW,https://www.anphatpc.com.vn/tim?q=HL-L2366DW,https://hacom.vn/tim?q=HL-L2366DW
DCP-L2520D,4569000,4,https://phongvu.vn/tim-kiem?q=DCP-L2520D,https://www.nguyenkim.com/tim-kiem.html?q=DCP-L2520D,https://www.dienmayxanh.com/may-in/may-in-laser-brother-dcp-l2520d,https://fptshop.com.vn/tim-kiem/DCP-L2520D,https://pico.vn/tim-kiem?q=DCP-L2520D,https://mediamart.vn/may-in/may-in-brother-laser-dcp-l2520d-in-scan-copy-duplex,https://hc.com.vn/ords/s?q=DCP-L2520D,https://www.phucanh.vn/may-in-laser-den-trang-brother-dcp-l2520d.html,https://cpn.vn/catalogsearch/result/?q=DCP-L2520D,https://www.anphatpc.com.vn/tim?q=DCP-L2520D,https://hacom.vn/tim?q=DCP-L2520D
DCP-B7535DW,5650000,5,https://phongvu.vn/may-in-brother-dcp-b7535dw--s1805562,https://www.nguyenkim.com/tim-kiem.html?q=DCP-B7535DW,https://www.dienmayxanh.com/pc-may-in-brother,https://fptshop.com.vn/tim-kiem/DCP-B7535DW,https://pico.vn/tim-kiem?q=DCP-B7535DW,https://mediamart.vn/may-in/may-in-laser-brother-dcp-b7535dw-in-scan-copy-wifi-duplex-adf,https://hc.com.vn/ords/s?q=DCP-B7535DW,https://www.phucanh.vn/tim-kiem?q=DCP-B7535DW,https://cpn.vn/catalogsearch/result/?q=DCP-B7535DW,https://www.anphatpc.com.vn/tim?q=DCP-B7535DW,https://hacom.vn/tim?q=DCP-B7535DW
MFC-L2701D,5589000,6,https://phongvu.vn/may-in-brother-mfc-l2701d--s1404536,https://www.nguyenkim.com/tim-kiem.html?q=MFC-L2701D,https://www.dienmayxanh.com/tim-kiem?key=MFC-L2701D,https://fptshop.com.vn/tim-kiem/MFC-L2701D,https://pico.vn/tim-kiem?q=MFC-L2701D,https://mediamart.vn/tim-kiem?q=MFC-L2701D,https://hc.com.vn/ords/s?q=MFC-L2701D,https://www.phucanh.vn/may-in-laser-den-trang-brother-mfc-l2701d.html,https://cpn.vn/catalogsearch/result/?q=MFC-L2701D,https://www.anphatpc.com.vn/tim?q=MFC-L2701D,https://hacom.vn/tim?q=MFC-L2701D
MFC-L2701DW,6659000,7,https://phongvu.vn/may-in-brother-mfc-l2701dw--s1404537,https://www.nguyenkim.com/may-in-laser-da-nang-brother-mfc-l2701dw.html,https://www.dienmayxanh.com/tim-kiem?key=MFC-L2701DW,https://fptshop.com.vn/tim-kiem/MFC-L2701DW,https://pico.vn/tim-kiem?q=MFC-L2701DW,https://mediamart.vn/may-in/may-fax-laser-da-chuc-nang-brother-mfc-l2701dw-fax-in-scan-copy-duplex-wifi,https://hc.com.vn/ords/s?q=MFC-L2701DW,https://www.phucanh.vn/may-in-laser-den-trang-brother-mfc-l2701dw.html,https://cpn.vn/catalogsearch/result/?q=MFC-L2701DW,https://www.anphatpc.com.vn/tim?q=MFC-L2701DW,https://hacom.vn/tim?q=MFC-L2701DW
HL-L5100DN,8590000,8,https://phongvu.vn/may-in-brother-hl-l5100dn--s1702779,https://www.nguyenkim.com/tim-kiem.html?q=HL-L5100DN,https://www.dienmayxanh.com/tim-kiem?key=HL-L5100DN,https://fptshop.com.vn/tim-kiem/HL-L5100DN,https://pico.vn/tim-kiem?q=HL-L5100DN,https://mediamart.vn/tim-kiem?q=HL-L5100DN,https://hc.com.vn/ords/s?q=HL-L5100DN,https://www.phucanh.vn/tim-kiem?q=HL-L5100DN,https://cpn.vn/catalogsearch/result/?q=HL-L5100DN,https://www.anphatpc.com.vn/may-in-brother-hl-l5100dn_id21541.html,https://hacom.vn/tim?q=HL-L5100DN
MFC-L5700DN,13330000,9,https://phongvu.vn/may-in-brother-mfc-l5700dn--s1702782,https://www.nguyenkim.com/tim-kiem.html?q=MFC-L5700DN,https://www.dienmayxanh.com/tim-kiem?key=MFC-L5700DN,https://fptshop.com.vn/tim-kiem/MFC-L5700DN,https://pico.vn/tim-kiem?q=MFC-L5700DN,https://mediamart.vn/tim-kiem?q=MFC-L5700DN,https://hc.com.vn/ords/s?q=MFC-L5700DN,https://www.phucanh.vn/tim-kiem?q=MFC-L5700DN,https://cpn.vn/catalogsearch/result/?q=MFC-L5700DN,https://www.anphatpc.com.vn/tim?q=MFC-L5700DN,https://hacom.vn/tim?q=MFC-L5700DN
MFC-L5900DW,17440000,10,https://phongvu.vn/may-in-brother-mfc-l5900dw--s1702783,https://www.nguyenkim.com/tim-kiem.html?q=MFC-L5900DW,https://www.dienmayxanh.com/tim-kiem?key=MFC-L5900DW,https://fptshop.com.vn/tim-kiem/MFC-L5900DW,https://pico.vn/tim-kiem?q=MFC-L5900DW,https://mediamart.vn/tim-kiem?q=MFC-L5900DW,https://hc.com.vn/ords/s?q=MFC-L5900DW,https://www.phucanh.vn/tim-kiem?q=MFC-L5900DW,https://cpn.vn/catalogsearch/result/?q=MFC-L5900DW,https://www.anphatpc.com.vn/tim?q=MFC-L5900DW,https://hacom.vn/tim?q=MFC-L5900DW
HL-L6200DW,10950000,11,https://phongvu.vn/may-in-brother-hl-l6200dw--s1702780,https://www.nguyenkim.com/tim-kiem.html?q=HL-L6200DW,https://www.dienmayxanh.com/tim-kiem?key=HL-L6200DW,https://fptshop.com.vn/tim-kiem/HL-L6200DW,https://pico.vn/tim-kiem?q=HL-L6200DW,https://mediamart.vn/tim-kiem?q=HL-L6200DW,https://hc.com.vn/ords/s?q=HL-L6200DW,https://www.phucanh.vn/tim-kiem?q=HL-L6200DW,https://cpn.vn/catalogsearch/result/?q=HL-L6200DW,https://www.anphatpc.com.vn/tim?q=HL-L6200DW,https://hacom.vn/tim?q=HL-L6200DW
MFC-L6900DW,23390000,12,https://phongvu.vn/may-in-brother-mfc-l6900dw--s1702784,https://www.nguyenkim.com/tim-kiem.html?q=MFC-L6900DW,https://www.dienmayxanh.com/tim-kiem?key=MFC-L6900DW,https://fptshop.com.vn/tim-kiem/MFC-L6900DW,https://pico.vn/tim-kiem?q=MFC-L6900DW,https://mediamart.vn/tim-kiem?q=MFC-L6900DW,https://hc.com.vn/ords/s?q=MFC-L6900DW,https://www.phucanh.vn/tim-kiem?q=MFC-L6900DW,https://cpn.vn/catalogsearch/result/?q=MFC-L6900DW,https://www.anphatpc.com.vn/tim?q=MFC-L6900DW,https://hacom.vn/tim?q=MFC-L6900DW
HL-L8260CDN,9490000,13,https://phongvu.vn/may-in-brother-hl-l8260cdn--s1702785,https://www.nguyenkim.com/tim-kiem.html?q=HL-L8260CDN,https://www.dienmayxanh.com/tim-kiem?key=HL-L8260CDN,https://fptshop.com.vn/tim-kiem/HL-L8260CDN,https://pico.vn/tim-kiem?q=HL-L8260CDN,https://mediamart.vn/may-in/may-in-laser-mau-brother-hl-l8260cdn-induplexnetwork,https://hc.com.vn/ords/s?q=HL-L8260CDN,https://www.phucanh.vn/may-in-laser-mau-brother-hl-l8260cdn-in-duplex-network.html,https://cpn.vn/catalogsearch/result/?q=HL-L8260CDN,https://www.anphatpc.com.vn/may-in-laser-mau-don-nang-brother-hl-l8260cdn_id25164.html,https://hacom.vn/tim?q=HL-L8260CDN
HL-L8360CDW,10450000,14,https://phongvu.vn/may-in-brother-hl-l8360cdw--s1702781,https://www.nguyenkim.com/tim-kiem.html?q=HL-L8360CDW,https://www.dienmayxanh.com/tim-kiem?key=HL-L8360CDW,https://fptshop.com.vn/tim-kiem/HL-L8360CDW,https://pico.vn/tim-kiem?q=HL-L8360CDW,https://mediamart.vn/may-in/may-in-laser-mau-brother-hl-l8360cdw-induplexnetworkwifi,https://hc.com.vn/ords/s?q=HL-L8360CDW,https://www.phucanh.vn/tim-kiem?q=HL-L8360CDW,https://cpn.vn/products/may-in-laser-mau-brother-hl-l8360cdw.html,https://www.anphatpc.com.vn/tim?q=HL-L8360CDW,https://hacom.vn/tim?q=HL-L8360CDW
HL-L8690CDW,15300000,15,https://phongvu.vn/may-in-brother-mfc-l8690cdw--s1702786,https://www.nguyenkim.com/tim-kiem.html?q=HL-L8690CDW,https://www.dienmayxanh.com/tim-kiem?key=HL-L8690CDW,https://fptshop.com.vn/tim-kiem/HL-L8690CDW,https://pico.vn/tim-kiem?q=HL-L8690CDW,https://mediamart.vn/tim-kiem?q=HL-L8690CDW,https://hc.com.vn/ords/s?q=HL-L8690CDW,https://www.phucanh.vn/tim-kiem?q=HL-L8690CDW,https://cpn.vn/catalogsearch/result/?q=HL-L8690CDW,https://www.anphatpc.com.vn/may-in-laser-mau-da-nang-brother-mfc-l8690cdw_id25166.html,https://hacom.vn/tim?q=HL-L8690CDW
DCP-T220,2690000,24,https://phongvu.vn/may-in-brother-dcp-t220--s210400363,https://www.nguyenkim.com/may-in-phun-đa-nang-brother-dcp-t226.html,https://www.dienmayxanh.com/may-in/may-in-phun-mau-brother-dcp-t220,https://fptshop.com.vn/may-in/may-in-phun-mau-da-nang-brother-dcp-t220,https://pico.vn/tim-kiem?q=DCP-T220,https://mediamart.vn/may-in/may-in-phun-mau-brother-dcp-t220-inscancopy,https://hc.com.vn/ords/s?q=DCP-T220,https://www.phucanh.vn/may-in-phun-mau-brother-dcp-t220.html,https://cpn.vn/products/may-in-phun-mau-da-nang-a4-brother-dcp-t220.html,https://www.anphatpc.com.vn/tim?q=DCP-T220,https://hacom.vn/tim?q=DCP-T220
DCP-T520W,4100000,25,https://phongvu.vn/may-in-brother-dcp-t520w--s210400364,https://www.nguyenkim.com/may-in-phun-mau-da-nang-in-scan-copy-brother-dcp-t520w.html,https://www.dienmayxanh.com/may-in/may-in-phun-mau-brother-dcp-t520w,https://fptshop.com.vn/may-in/may-in-phun-mau-da-nang-brother-dcp-t520w,https://pico.vn/tim-kiem?q=DCP-T520W,https://mediamart.vn/may-in/may-in-phun-mau-brother-dcp-t520w-wifi,https://hc.com.vn/ords/s?q=DCP-T520W,https://www.phucanh.vn/tim-kiem?q=DCP-T520W,https://cpn.vn/products/may-in-phun-mau-da-nang-a4-brother-dcp-t520w.html,https://www.anphatpc.com.vn/tim?q=DCP-T520W,https://hacom.vn/may-in-brother-dcp-t520w
DCP-T720DW,5290000,26,https://phongvu.vn/may-in-brother-dcp-t720dw--s210400365,https://www.nguyenkim.com/tim-kiem.html?q=DCP-T720DW,https://www.dienmayxanh.com/may-in/phun-mau-da-nang-brother-dcp-t720dw,https://fptshop.com.vn/tim-kiem/DCP-T720DW,https://pico.vn/tim-kiem?q=DCP-T720DW,https://mediamart.vn/may-in/may-in-phun-mau-brother-dcp-t720dw-in-scan-copy-wifi-duplex,https://hc.com.vn/ords/s?q=DCP-T720DW,https://www.phucanh.vn/may-in-phun-mau-brother-dcp-t720dw.html,https://cpn.vn/products/may-in-phun-mau-da-nang-a4-brother-dcp-t720dw.html,https://www.anphatpc.com.vn/may-in-brother-dcp-t720dw-in-phun-mau-da-chuc-nang.html,https://hacom.vn/tim?q=DCP-T720DW
ADS-2400N,14990000,39,https://phongvu.vn/tim-kiem?q=ADS-2400N,https://www.nguyenkim.com/tim-kiem.html?q=ADS-2400N,https://www.dienmayxanh.com/tim-kiem?key=ADS-2400N,https://fptshop.com.vn/tim-kiem/ADS-2400N,https://pico.vn/tim-kiem?q=ADS-2400N,https://mediamart.vn/tim-kiem?q=ADS-2400N,https://hc.com.vn/ords/s?q=ADS-2400N,https://www.phucanh.vn/may-scan-brother-ads-2400n.html,https://cpn.vn/catalogsearch/result/?q=ADS-2400N,https://www.anphatpc.com.vn/may-scan-brother-ads-2400n.html,https://hacom.vn/tim?q=ADS-2400N
PT-E550WVP,7900000,49,https://phongvu.vn/tim-kiem?q=PT-E550WVP,https://www.nguyenkim.com/tim-kiem.html?q=PT-E550WVP,https://www.dienmayxanh.com/tim-kiem?key=PT-E550WVP,https://fptshop.com.vn/tim-kiem/PT-E550WVP,https://pico.vn/tim-kiem?q=PT-E550WVP,https://mediamart.vn/may-in/may-in-nha-n-brother-pt-e550wvp,https://hc.com.vn/ords/s?q=PT-E550WVP,https://www.phucanh.vn/tim-kiem?q=PT-E550WVP,https://cpn.vn/catalogsearch/result/?q=PT-E550WVP,https://www.anphatpc.com.vn/may-in-nhan-brother-pt-e550w-vp.html,https://hacom.vn/tim?q=PT-E550WVP
JA1400,2899000,67,https://phongvu.vn/tim-kiem?q=JA1400,https://www.nguyenkim.com/may-may-co-brother-ja1400.html,https://www.dienmayxanh.com/tim-kiem?key=JA1400,https://fptshop.com.vn/tim-kiem/JA1400,https://pico.vn/tim-kiem?q=JA1400,https://mediamart.vn/tim-kiem?q=JA1400,https://hc.com.vn/ords/s?q=JA1400,https://www.phucanh.vn/tim-kiem?q=JA1400,https://cpn.vn/catalogsearch/result/?q=JA1400,https://www.anphatpc.com.vn/tim?q=JA1400,https://hacom.vn/tim?q=JA1400
GS2700,4000000,70,https://phongvu.vn/tim-kiem?q=GS2700,https://www.nguyenkim.com/may-may-co-brother-gs2700.html,https://www.dienmayxanh.com/tim-kiem?key=GS2700,https://fptshop.com.vn/tim-kiem/GS2700,https://pico.vn/tim-kiem?q=GS2700,https://mediamart.vn/tim-kiem?q=GS2700,https://hc.com.vn/ords/s?q=GS2700,https://www.phucanh.vn/tim-kiem?q=GS2700,https://cpn.vn/catalogsearch/result/?q=GS2700,https://www.anphatpc.com.vn/tim?q=GS2700,https://hacom.vn/tim?q=GS2700