Ten San Pham,Gia Hien Tai (VND),Gia Chua Khuyen Mai (VND),Chi Tiet Khuyen Mai,Link San Pham
Brother HL-L2321D,3.189.000,3.795.000,Giảm 16%,https://www.phucanh.vn/may-in-laser-den-trang-brother-hl-l2321d.html
Brother HL-B2180DW,4.390.000,5.342.000,Giảm 18%,https://www.phucanh.vn/may-in-laser-den-trang-brother-hl-b2180dw.html
Brother HL-L2366DW,4.189.000,5.104.000,Giảm 18%,https://www.phucanh.vn/may-in-laser-den-trang-brother-hl-l2366dw.html
Brother DCP-B7640DW,5.890.000,7.128.000,Giảm 18%,https://www.phucanh.vn/may-in-laser-den-trang-brother-dcp-b7640dw.html
Brother DCP-T220,2.649.000,3.320.000,Giảm 21%,https://www.phucanh.vn/may-in-phun-mau-brother-dcp-t220.html
Brother MFC-B7810DW,6.789.000,8.080.000,Giảm 16%,https://www.phucanh.vn/may-in-laser-den-trang-brother-mfc-b7810dw.html
Brother DCP-T530DW,4.679.000,5.700.000,Giảm 18%,https://www.phucanh.vn/may-in-phun-mau-brother-dcp-t530dw.html
Brother DCP-T226,2.590.000,3.110.000,Giảm 17%,https://www.phucanh.vn/may-in-phun-mau-brother-dcp-t226.html
Brother DCP-B7620DW,5.589.000,6.652.000,Giảm 16%,https://www.phucanh.vn/may-in-laser-den-trang-brother-dcp-b7620dw.html
Brother DCP-T730DW,5.590.000,6.652.000,Giảm 16%,https://www.phucanh.vn/may-in-phun-mau-brother-dcp-t730dw.html
Brother DCP-L2520D,4.589.000,5.343.000,Giảm 15%,https://www.phucanh.vn/may-in-laser-den-trang-brother-dcp-l2520d.html
Brother HL-L3240CDW,6.990.000,8.199.000,Giảm 15%,https://www.phucanh.vn/may-in-laser-mau-brother-hl-l3240cdw.html
Brother MFC-L2701DW,6.689.000,8.199.000,Giảm 19%,https://www.phucanh.vn/may-in-laser-den-trang-brother-mfc-l2701dw-print-scan-copy-fax-pc.html
Brother HL-L3280CDW,7.289.000,8.913.000,Giảm 19%,https://www.phucanh.vn/may-in-laser-mau-brother-hl-l3280cdw.html
Brother HL-L8360CDW,10.589.000,12.601.000,Giảm 16%,https://www.phucanh.vn/may-in-laser-mau-brother-hl-l8360cdw-in-duplex-network-wifi.html
Brother DCP-T430W,3.689.000,4.402.000,Giảm 17%,https://www.phucanh.vn/may-in-phun-mau-brother-dcp-t430w.html
Brother DCP-T830DW,6.290.000,7.485.000,Giảm 16%,https://www.phucanh.vn/may-in-phun-mau-brother-dcp-t830dw.html
Brother DCP-T230,2.989.000,3.558.000,Giảm 16%,https://www.phucanh.vn/may-in-phun-mau-brother-dcp-t230.html
Brother DCP-L3560CDW,11.789.000,13.911.000,Giảm 16%,https://www.phucanh.vn/may-in-laser-mau-brother-dcp-l3560cdw.html
Brother HL-B2100D,3.589.000,4.271.000,Giảm 16%,https://www.phucanh.vn/may-in-laser-den-trang-brother-hl-b2100d.html
Brother MFC-L8340CDW,13.990.000,16.648.000,Giảm 16%,https://www.phucanh.vn/may-in-laser-mau-brother-mfc-l8340cdw.html
Brother MFC-L2701D,5.589.000,6.651.000,Giảm 16%,https://www.phucanh.vn/may-in-laser-den-trang-brother-mfc-l2701d.html
Brother HL-T4000DW,11.789.000,14.030.000,Giảm 16%,https://www.phucanh.vn/may-in-phun-mau-brother-hl-t4000dw.html
Brother MFC-T4500DW,14.889.000,17.718.000,Giảm 16%,https://www.phucanh.vn/may-in-phun-mau-brother-mfc-t4500dw.html
Brother MFC-L8690CDW,14.990.000,18.195.000,Giảm 18%,https://www.phucanh.vn/may-in-laser-mau-brother-mfc-l8690cdw-print-copy-scanfax-wifi.html
Brother HL-L8260CDN,9.189.000,11.127.000,Giảm 18%,https://www.phucanh.vn/may-in-laser-mau-brother-hl-l8260cdn.html
Brother MFC-T920DW,7.790.000,9.270.000,Giảm 16%,https://www.phucanh.vn/may-in-phun-mau-da-nang-brother-mfc-t920dw-in-copy-scan-fax.html
Brother HL-L6415DW,Liên hệ,,-,https://www.phucanh.vn/may-in-laser-den-trang-brother-hl-l6415dw.html
Brother MFC-L5915DW,Liên hệ,,-,https://www.phucanh.vn/may-in-laser-den-trang-brother-mfc-l5915dw.html